insee;nom;nb_voisins;insee_voisins
22001;Allineuc;5;22203|22203|22384|22149|22009
22002;Andel;5;22093|22093|22044|22093|22093
22003;Aucaleuc;4;22259|22364|22388|22048
22004;Bégard;7;22041|22018|22310|22164|22135|22245|22254
22005;Belle-Isle-en-Terre;5;22135|22216|22129|22228|22359
22006;Berhet;4;22101|22141|22254|22034
22055;Binic;4;22251|22251|22117|22055
22008;Bobital;5;22280|22380|22082|22021|22364
22009;Le Bodéo;7;22099|22203|22203|22001|22149|22313|22073
22011;Boqueho;8;22234|22045|22126|22291|22289|22116|22206|22206
22012;La Bouillie;5;22242|22076|22077|22273|22054
22013;Bourbriac;9;22040|22271|22189|22139|22088|22138|22249|22072|22156
22014;Bourseul;7;22172|22048|22317|22084|22084|22205|22237
22015;Bréhand;8;22093|22093|22098|22332|22345|22346|22079|22258
22018;Brélidy;6;22269|22212|22095|22310|22004|22041
22019;Bringolo;7;22375|22182|22206|22206|22304|22150|22065
22020;Broons;6;22348|22391|22032|22240|22337|22369
22021;Brusvily;7;22364|22008|22082|22380|22239|22391|22342
22023;Bulat-Pestivien;5;22249|22138|22328|22025|22216
22024;Calanhel;5;22037|22025|22243|22231|22132
22025;Callac;7;22216|22023|22328|22052|22243|22024|22037
22026;Calorguen;7;22118|22035|22056|22274|22308|22380|22280
22027;Le Cambout;5;22241|56102|56102|56024|22288
22028;Camlez;7;22166|22221|22152|22042|22090|22363|22379
22029;Canihuel;8;22294|22386|22074|22047|22244|22334|22321|22092
22030;Caouënnec-Lanvézéac;5;22257|22034|22340|22113|22265
22031;Carnoët;11;22243|22052|22128|22344|22351|29205|29227|29227|29275|29012|22231
22032;Caulnes;8;22239|22069|22071|22036|22305|22240|22020|22391
22033;Caurel;7;22316|22295|22158|22158|56203|22107|22107
22034;Cavan;7;22257|22101|22006|22254|22245|22340|22030
22035;Les Champs-Géraux;5;22299|35225|22056|22026|22118
22036;La Chapelle-Blanche;5;22071|35171|35234|22305|22032
22037;La Chapelle-Neuve;5;22216|22025|22024|22132|22131
22206;Châtelaudren;2;22182|22206
22039;La Chèze;5;22183|22183|22241|56024|22275
22040;Coadout;5;22225|22271|22013|22156|22067
22041;Coatascorn;4;22269|22018|22004|22254
22042;Coatréven;6;22028|22152|22101|22110|22381|22090
22043;Coëtlogon;6;22062|56129|56257|22241|22183|22183
22044;Coëtmieux;7;22002|22093|22093|22093|22246|22081|22093
22045;Cohiniac;5;22234|22287|22059|22126|22011
22046;Collinée;4;22296|22046|22046|22046
22046;Le Mené;16;22296|22165|22185|22267|22053|22148|22333|22122|22183|22183|22155|22219|22219|22184|22346|22345
22047;Corlay;5;22074|22313|22316|22244|22029
22048;Corseul;11;22105|22339|22259|22003|22388|22315|22317|22318|22014|22172|22049
22049;Créhen;8;22209|22209|22209|22105|22048|22172|22311|22302
22050;Dinan;4;22118|22050|22259|22339
22050;Dinan;5;22118|22280|22364|22259|22339
22084;Dolo;3;22084|22337|22185
22052;Duault;5;22025|22328|22128|22031|22243
22053;Éréac;7;22337|22114|22309|22148|22046|22046|22267
22054;Erquy;4;22242|22012|22273|22186
22055;Binic-Étables-sur-Mer;5;22251|22251|22117|22232|22325
22055;Étables-sur-Mer;4;22325|22055|22117|22232
22056;Évran;8;22035|35225|35345|22306|22208|22263|22274|22026
22057;Le Faouët;6;22108|22370|22378|22293|22283|22256
22183;La Ferrière;5;22183|22241|22039|22275|22255
22059;Le Fœil;9;22287|22170|22277|22262|22099|22276|22386|22126|22045
22060;Gausson;8;22219|22219|22155|22068|22300|22203|22203|22203
22061;Glomel;7;22087|22266|22146|56170|56100|22163|22137
22062;Gomené;6;22147|56129|22043|22183|22183|22122
22063;Gommenec'h;6;22370|22112|22065|22248|22293|22378
22064;Gouarec;5;22331|22107|22107|22181|22220
22065;Goudelin;7;22112|22121|22375|22019|22150|22248|22063
22046;Le Gouray;7;22185|22046|22046|22046|22046|22296|22165
22067;Grâces;5;22070|22225|22040|22156|22223
22068;Grâce-Uzel;5;22060|22155|22376|22330|22300
22069;Guenroc;5;22312|22208|22071|22032|22239
22070;Guingamp;5;22161|22272|22225|22067|22223
22071;Guitté;5;22069|22208|35171|22036|22032
22072;Gurunhuel;6;22354|22156|22013|22249|22216|22135
22073;La Harmoye;5;22276|22099|22009|22313|22074
22074;Le Haut-Corlay;6;22386|22276|22073|22313|22047|22029
22075;Hémonstoir;7;22136|56215|56213|56213|56093|22285|22279
22076;Hénanbihen;8;22174|22268|22323|22096|22286|22077|22012|22242
22077;Hénansal;7;22012|22076|22286|22261|22093|22093|22273
22264;Hengoat;7;22347|22199|22196|22204|22264|22383|22264
22079;Hénon;9;22258|22015|22346|22153|22184|22203|22203|22281|22176
22203;L'Hermitage-Lorge;10;22171|22281|22203|22060|22300|22384|22001|22009|22099|22277
22081;Hillion;5;22093|22093|22044|22246|22389
22082;Le Hinglé;3;22380|22021|22008
22083;Illifaut;8;22371|22133|35117|56127|56208|56025|56129|22147
22084;Jugon-les-Lacs;10;22205|22014|22317|22145|22337|22084|22185|22341|22193|22175
22084;Jugon-les-Lacs Commune nouvelle;9;22205|22014|22317|22145|22337|22185|22341|22193|22175
22085;Kerbors;3;22195|22199|22347
22086;Kerfot;4;22214|22390|22233|22162
22087;Kergrist-Moëlou;8;22365|22229|22220|22266|22061|22137|22128|22320
22088;Kerien;5;22013|22139|22115|22169|22138
22090;Kermaria-Sulard;6;22363|22028|22042|22381|22265|22134
22091;Kermoroc'h;5;22338|22358|22223|22310|22095
22092;Kerpert;7;22189|22284|22294|22029|22321|22115|22139
22093;Lamballe;15;22077|22261|22175|22326|22160|22193|22140|22165|22332|22098|22093|22044|22002|22093|22273
22093;Lamballe-Armor;18;22186|22273|22077|22261|22175|22326|22160|22193|22140|22165|22332|22098|22015|22258|22246|22044|22081|22002
22094;Lancieux;3;35256|22209|22209
22095;Landebaëron;5;22212|22338|22091|22310|22018
22096;Landébia;6;22323|22237|22200|22175|22286|22076
22097;La Landec;5;22315|22388|22342|22104|22180
22098;Landéhen;5;22093|22093|22332|22015|22093
22099;Lanfains;7;22277|22203|22203|22009|22073|22276|22059
22219;Langast;5;22046|22046|22155|22219|22184
22101;Langoat;10;22152|22264|22264|22264|22141|22006|22034|22257|22110|22042
22046;Langourla;7;22185|22267|22053|22148|22333|22046|22046
22103;Langrolay-sur-Rance;3;35181|22213|35228
22104;Languédias;6;22097|22342|22391|22348|22145|22180
22105;Languenan;7;22209|22190|22190|22339|22048|22049|22209
22106;Langueux;3;22389|22360|22278
22107;Bon Repos sur Blavet;11;22334|22244|22316|22033|56203|56209|56245|22124|22181|22064|22331
22107;Laniscat;7;22334|22244|22107|22107|22181|22064|22331
22108;Lanleff;5;22390|22178|22370|22057|22256
22109;Lanloup;3;22222|22178|22214
22110;Lanmérin;5;22042|22101|22257|22265|22381
22111;Lanmodez;3;22127|22199|22195
22112;Lannebert;6;22236|22177|22121|22065|22063|22370
22113;Lannion;10;22324|22134|22265|22030|22340|22211|22224|22343|22198|22168
22114;Lanrelas;5;22240|22371|22309|22053|22337
22115;Lanrivain;7;22139|22092|22321|22229|22365|22169|22088
22116;Lanrodec;7;22304|22206|22206|22011|22289|22322|22225
22117;Lantic;10;22232|22055|22055|22055|22251|22251|22356|22182|22361|22177
22118;Lanvallay;10;22385|22299|22035|22026|22280|22050|22050|22050|22339|22327
22119;Lanvellec;6;22207|22228|22227|22238|22350|22235
22121;Lanvollon;4;22177|22375|22065|22112
22122;Laurenan;8;22046|22333|22147|22062|22183|22183|22046|22046
22050;Léhon;5;22050|22118|22280|22364|22259
22124;Lescouët-Gouarec;6;22181|22107|22107|56245|56099|22146
22126;Le Leslay;5;22045|22059|22386|22291|22011
22127;Lézardrieux;3;22111|22196|22199
22128;Locarn;7;22328|22320|22087|22137|22344|22031|22052
22129;Loc-Envel;4;22005|22216|22131|22228
22131;Loguivy-Plougras;7;22228|22129|22216|22037|22132|22217|22227
22132;Lohuec;6;22131|22037|22024|22231|29012|22217
22133;Loscouët-sur-Meu;5;22240|35297|35117|22083|22371
22134;Louannec;6;22363|22090|22265|22113|22324|22168
22135;Louargat;8;22004|22164|22354|22072|22216|22005|22359|22245
22136;Loudéac;8;22155|22255|22275|22314|56215|22075|22279|22376
22137;Maël-Carhaix;6;22128|22087|22061|22163|22157|22344
22138;Maël-Pestivien;7;22249|22013|22088|22169|22320|22328|22023
22139;Magoar;5;22189|22092|22115|22088|22013
22140;La Malhoure;5;22193|22185|22165|22093|22093
22141;Mantallot;5;22264|22264|22254|22006|22101
22143;Matignon;3;22282|22323|22174
22144;La Méaugon;4;22215|22287|22188|22372
22145;Mégrit;8;22317|22180|22104|22348|22369|22337|22084|22084
22146;Mellionnec;8;22220|22181|22124|56099|56163|56170|22061|22266
22147;Merdrignac;8;22148|22309|22371|22083|56129|22062|22122|22333
22148;Mérillac;6;22053|22309|22147|22333|22046|22046
22149;Merléac;7;22001|22384|22330|22260|22295|22313|22009
22150;Le Merzer;5;22065|22019|22304|22272|22248
22093;Meslin;6;22093|22098|22015|22258|22246|22044
22152;Minihy-Tréguier;5;22221|22362|22101|22042|22028
22153;Moncontour;3;22346|22184|22079
22093;Morieux;4;22093|22002|22044|22081
22155;La Motte;12;22219|22219|22046|22046|22183|22183|22255|22136|22376|22068|22060|22219
22156;Moustéru;6;22223|22067|22040|22013|22072|22354
22157;Le Moustoir;6;22344|22137|22163|22202|29024|22351
22158;Guerlédan;8;22260|22279|22285|56093|56146|56203|22033|22295
22158;Mûr-de-Bretagne;7;22295|22158|22285|56093|56146|56203|22033
22160;Noyal;4;22326|22193|22093|22093
22161;Pabu;5;22248|22272|22070|22223|22358
22162;Paimpol;4;22210|22214|22086|22233
22163;Paule;5;22137|22061|56100|22202|22157
22164;Pédernec;5;22310|22223|22354|22135|22004
22165;Penguily;8;22185|22046|22046|22296|22332|22093|22093|22140
22166;Penvénan;4;22218|22221|22028|22379
22107;Perret;6;22107|22107|56209|56245|22124|22181
22168;Perros-Guirec;5;22134|22324|22113|22198|22353
22169;Peumerit-Quintin;5;22088|22115|22365|22320|22138
22170;Plaine-Haute;6;22215|22307|22171|22277|22059|22287
22171;Plaintel;7;22176|22281|22203|22203|22277|22170|22307
22172;Plancoët;5;22049|22048|22014|22237|22311
22093;Planguenoual;5;22186|22273|22093|22002|22093
22174;Pléboulle;6;22143|22323|22268|22076|22242|22179
22175;Plédéliac;11;22096|22200|22205|22084|22084|22193|22326|22093|22093|22261|22286
22176;Plédran;8;22389|22258|22079|22281|22171|22307|22215|22360
22177;Pléguien;8;22222|22232|22117|22361|22375|22121|22112|22236
22178;Pléhédel;7;22214|22109|22222|22236|22370|22108|22390
22179;Fréhel;3;22201|22174|22242
22180;Plélan-le-Petit;6;22318|22315|22097|22104|22145|22317
22181;Plélauff;8;22064|22107|22107|22107|22107|22124|22146|22220
22182;Plélo;13;22117|22356|22251|22251|22372|22188|22234|22206|22206|22206|22019|22375|22361
22183;Plémet;10;22046|22046|22122|22062|22043|22241|22183|22255|22155|22046
22183;Plémet;11;22046|22046|22122|22062|22043|22241|22039|22275|22255|22155|22046
22184;Plémy;10;22153|22346|22046|22046|22219|22219|22219|22203|22203|22079
22185;Plénée-Jugon;12;22341|22084|22084|22084|22337|22267|22046|22046|22046|22165|22140|22193
22186;Pléneuf-Val-André;4;22054|22273|22093|22093
22187;Plérin;5;22278|22215|22372|22251|22251
22188;Plerneuf;5;22372|22144|22287|22234|22182
22189;Plésidy;8;22322|22289|22335|22284|22092|22139|22013|22271
22190;Pleslin;7;22213|22339|22190|22209|22209|22368|35228
22190;Pleslin-Trigavou;7;35228|22368|22213|22339|22105|22209|22209
22046;Plessala;10;22346|22345|22046|22046|22183|22183|22155|22219|22219|22184
22209;Plessix-Balisson;1;22209
22193;Plestan;10;22326|22175|22084|22084|22341|22185|22140|22093|22093|22160
22194;Plestin-les-Grèves;5;22350|22238|22366|29182|29073
22195;Pleubian;3;22111|22199|22085
22196;Pleudaniel;5;22199|22127|22204|22264|22264
22197;Pleudihen-sur-Rance;7;35070|35179|35308|35308|22299|22385|35358
22198;Pleumeur-Bodou;5;22353|22168|22324|22113|22343
22199;Pleumeur-Gautier;8;22195|22111|22127|22196|22264|22264|22347|22085
22200;Pléven;4;22237|22205|22175|22096
22201;Plévenon;1;22179
22202;Plévin;6;22157|22163|56100|22373|29152|29024
22203;Plœuc-L'Hermitage;13;22281|22079|22184|22219|22219|22060|22300|22384|22001|22009|22099|22277|22171
22203;Plœuc-sur-Lié;7;22281|22079|22184|22219|22219|22060|22203
22204;Ploëzal;8;22196|22256|22250|22212|22269|22264|22264|22264
22205;Plorec-sur-Arguenon;6;22237|22014|22084|22084|22175|22200
22206;Châtelaudren-Plouagat;6;22182|22234|22011|22116|22304|22019
22206;Plouagat;7;22206|22182|22234|22011|22116|22304|22019
22207;Plouaret;6;22211|22387|22228|22119|22235|22226
22208;Plouasne;11;22263|22056|22306|35318|35156|35307|35171|22071|22069|22312|22352
22209;Beaussais-sur-Mer;10;35256|35228|22368|22190|22190|22190|22105|22049|22302|22094
22209;Ploubalay;11;35256|35228|22368|22190|22190|22190|22105|22209|22049|22209|22094
22210;Ploubazlanec;1;22162
22211;Ploubezre;7;22340|22245|22387|22207|22226|22224|22113
22212;Plouëc-du-Trieux;7;22204|22250|22283|22338|22095|22018|22269
22213;Plouër-sur-Rance;6;22327|22339|22190|22190|35228|22103
22214;Plouézec;6;22222|22109|22178|22390|22086|22162
22215;Ploufragan;9;22187|22278|22360|22176|22307|22170|22287|22144|22372
22216;Plougonver;9;22135|22072|22249|22023|22025|22037|22131|22129|22005
22217;Plougras;6;22227|22131|22132|29012|29014|29067
22218;Plougrescant;2;22221|22166
22219;Plouguenast;6;22184|22219|22155|22060|22203|22203
22219;Plouguenast-Langast;7;22184|22046|22046|22155|22060|22203|22203
22220;Plouguernével;7;22229|22331|22064|22181|22146|22266|22087
22221;Plouguiel;4;22218|22152|22028|22166
22222;Plouha;7;22377|22232|22177|22236|22178|22109|22214
22223;Plouisy;9;22358|22161|22070|22067|22156|22354|22164|22310|22091
22224;Ploulec'h;3;22113|22211|22226
22225;Ploumagoar;8;22272|22304|22116|22322|22271|22040|22067|22070
22226;Ploumilliau;6;22224|22211|22207|22235|22319|22349
22227;Plounérin;8;22119|22228|22131|22217|29067|29183|22366|22238
22228;Plounévez-Moëdec;8;22387|22359|22005|22129|22131|22227|22119|22207
22229;Plounévez-Quintin;6;22115|22321|22331|22220|22087|22365
22231;Plourac'h;5;22132|22024|22243|22031|29012
22232;Plourhan;7;22377|22325|22055|22055|22117|22177|22222
22233;Plourivo;4;22162|22086|22390|22256
22234;Plouvara;7;22188|22287|22045|22011|22206|22206|22182
22235;Plouzélambre;5;22226|22207|22119|22350|22319
22236;Pludual;5;22222|22177|22112|22370|22178
22237;Pluduno;7;22311|22172|22014|22205|22200|22096|22323
22238;Plufur;5;22350|22119|22227|22366|22194
22239;Plumaudan;7;22380|22308|22312|22069|22032|22391|22021
22240;Plumaugat;9;22032|22305|35234|35297|22133|22371|22114|22337|22020
22241;Plumieux;11;22183|22043|56257|56102|56102|22027|22288|56024|22039|22183|22183
22242;Plurien;5;22179|22174|22076|22012|22054
22243;Plusquellec;5;22024|22025|22052|22031|22231
22244;Plussulien;7;22047|22316|22107|22107|22107|22334|22029
22245;Pluzunet;8;22034|22254|22004|22135|22359|22387|22211|22340
22246;Pommeret;6;22044|22093|22093|22258|22389|22081
22264;Pommerit-Jaudy;8;22383|22264|22204|22269|22254|22141|22101|22264
22248;Pommerit-le-Vicomte;9;22293|22063|22065|22150|22272|22161|22358|22338|22283
22249;Pont-Melvez;5;22013|22138|22023|22216|22072
22250;Pontrieux;4;22256|22283|22212|22204
22251;Pordic;7;22187|22372|22251|22356|22117|22055|22055
22251;Pordic;7;22187|22372|22182|22356|22117|22055|22055
22264;Pouldouran;3;22347|22264|22383
22254;Prat;9;22141|22264|22264|22269|22041|22004|22245|22034|22006
22255;La Prénessaye;6;22183|22183|22183|22275|22136|22155
22256;Quemper-Guézennec;7;22233|22390|22108|22057|22283|22250|22204
22257;Quemperven;5;22101|22034|22030|22265|22110
22258;Quessoy;7;22246|22093|22093|22015|22079|22176|22389
22259;Quévert;7;22339|22050|22050|22050|22364|22003|22048
22260;Le Quillio;6;22330|22279|22158|22158|22295|22149
22261;Quintenic;5;22286|22175|22093|22093|22077
22262;Quintin;2;22277|22059
22263;Le Quiou;5;22056|22208|22352|22308|22274
22264;La Roche-Derrien;2;22264|22101
22264;La Roche-Jaudy;9;22383|22347|22199|22196|22204|22269|22254|22141|22101
22265;Rospez;7;22090|22381|22110|22257|22030|22113|22134
22266;Rostrenen;4;22220|22146|22061|22087
22267;Rouillac;5;22337|22053|22046|22046|22185
22268;Ruca;3;22174|22323|22076
22269;Runan;7;22204|22212|22018|22041|22254|22264|22264
22271;Saint-Adrien;5;22225|22322|22189|22013|22040
22272;Saint-Agathon;6;22150|22304|22225|22070|22161|22248
22273;Saint-Alban;7;22054|22012|22077|22093|22093|22093|22186
22274;Saint-André-des-Eaux;4;22056|22263|22308|22026
22275;Saint-Barnabé;8;22255|22183|22183|22039|56024|56198|22314|22136
22276;Saint-Bihy;5;22059|22099|22073|22074|22386
22277;Saint-Brandan;7;22170|22171|22203|22203|22099|22262|22059
22278;Saint-Brieuc;4;22106|22360|22215|22187
22279;Saint-Caradec;8;22330|22376|22136|22075|22285|22158|22158|22260
22280;Saint-Carné;7;22050|22050|22118|22026|22380|22008|22364
22281;Saint-Carreuc;6;22176|22079|22203|22203|22203|22171
22282;Saint-Cast-le-Guildo;3;22311|22323|22143
22283;Saint-Clet;7;22256|22057|22293|22248|22338|22212|22250
22284;Saint-Connan;6;22335|22291|22386|22294|22092|22189
22285;Saint-Connec;6;22158|22279|22075|56093|22158|22158
22286;Saint-Denoual;5;22076|22096|22175|22261|22077
22287;Saint-Donan;7;22188|22144|22215|22170|22059|22045|22234
22288;Saint-Étienne-du-Gué-de-l'Isle;3;22241|22027|56024
22289;Saint-Fiacre;6;22116|22011|22291|22335|22189|22322
22107;Saint-Gelven;8;22244|22316|22033|56203|56209|22107|22181|22107
22291;Saint-Gildas;6;22011|22126|22386|22284|22335|22289
22046;Saint-Gilles-du-Mené;6;22046|22122|22183|22183|22046|22046
22293;Saint-Gilles-les-Bois;5;22057|22378|22063|22248|22283
22294;Saint-Gilles-Pligeaux;4;22284|22386|22029|22092
22295;Saint-Gilles-Vieux-Marché;8;22313|22149|22260|22158|22158|22158|22033|22316
22296;Saint-Glen;7;22165|22046|22046|22046|22046|22345|22332
22046;Saint-Gouéno;7;22296|22046|22046|22046|22046|22046|22345
22158;Saint-Guen;5;22260|22279|22285|22158|22295
22299;Saint-Hélen;9;22197|35308|35308|35225|22035|22118|22339|22327|22385
22300;Saint-Hervé;6;22203|22060|22068|22330|22384|22203
22302;Saint-Jacut-de-la-Mer;3;22209|22209|22049
22046;Saint-Jacut-du-Mené;7;22046|22333|22122|22046|22046|22046|22046
22304;Saint-Jean-Kerdaniel;7;22019|22206|22206|22116|22225|22272|22150
22305;Saint-Jouan-de-l'Isle;4;22032|22036|35234|22240
22306;Saint-Judoce;4;35345|35318|22208|22056
22307;Saint-Julien;4;22215|22176|22171|22170
22308;Saint-Juvat;7;22026|22274|22263|22352|22312|22239|22380
22309;Saint-Launeuc;5;22053|22114|22371|22147|22148
22310;Saint-Laurent;6;22018|22095|22091|22223|22164|22004
22311;Saint-Lormel;5;22049|22172|22237|22323|22282
22312;Saint-Maden;5;22308|22352|22208|22069|22239
22313;Saint-Martin-des-Prés;7;22009|22149|22295|22316|22047|22074|22073
22314;Saint-Maudan;5;22136|22275|56198|56072|56215
22315;Saint-Maudez;5;22048|22388|22097|22180|22318
22316;Saint-Mayeux;7;22313|22295|22033|22107|22107|22244|22047
22317;Saint-Méloir-des-Bois;7;22318|22048|22180|22145|22084|22084|22014
22318;Saint-Michel-de-Plélan;4;22048|22315|22180|22317
22319;Saint-Michel-en-Grève;4;22226|22235|22350|22349
22320;Saint-Nicodème;6;22138|22169|22365|22087|22128|22328
22321;Saint-Nicolas-du-Pélem;6;22092|22029|22334|22331|22229|22115
22322;Saint-Péver;5;22116|22289|22189|22271|22225
22323;Saint-Pôtan;8;22143|22282|22311|22237|22096|22076|22268|22174
22324;Saint-Quay-Perros;4;22134|22113|22198|22168
22325;Saint-Quay-Portrieux;4;22055|22055|22232|22377
22326;Saint-Rieul;5;22175|22193|22160|22093|22093
22327;Saint-Samson-sur-Rance;5;22213|22385|22299|22118|22339
22328;Saint-Servais;6;22023|22138|22320|22128|22052|22025
22330;Saint-Thélo;7;22300|22068|22376|22279|22260|22149|22384
22331;Sainte-Tréphine;7;22321|22334|22107|22107|22064|22220|22229
22332;Saint-Trimoël;7;22093|22093|22165|22296|22345|22015|22098
22333;Saint-Vran;6;22046|22148|22147|22122|22046|22046
22334;Saint-Igeaux;6;22029|22244|22107|22107|22331|22321
22335;Senven-Léhart;4;22289|22291|22284|22189
22337;Sévignac;11;22145|22369|22020|22240|22114|22053|22267|22185|22084|22084|22084
22338;Squiffiec;6;22283|22248|22358|22091|22095|22212
22339;Taden;13;22190|22213|22327|22385|22299|22118|22050|22050|22259|22048|22105|22190|22190
22340;Tonquédec;5;22030|22034|22245|22211|22113
22341;Tramain;4;22084|22084|22185|22193
22342;Trébédan;6;22388|22364|22021|22391|22104|22097
22343;Trébeurden;2;22198|22113
22344;Trébrivan;5;22128|22137|22157|22351|22031
22345;Trébry;7;22332|22296|22046|22046|22046|22346|22015
22346;Trédaniel;7;22015|22345|22046|22046|22184|22153|22079
22347;Trédarzec;5;22085|22199|22264|22264|22264
22348;Trédias;5;22104|22391|22020|22369|22145
22349;Trédrez-Locquémeau;2;22226|22319
22350;Tréduder;5;22319|22235|22119|22238|22194
22351;Treffrin;5;22344|22157|29024|29205|22031
22352;Tréfumel;4;22263|22208|22312|22308
22353;Trégastel;2;22168|22198
22354;Tréglamus;5;22223|22156|22072|22135|22164
22356;Trégomeur;5;22251|22251|22251|22182|22117
22209;Trégon;3;22209|22049|22302
22358;Trégonneau;5;22248|22161|22223|22091|22338
22359;Trégrom;5;22245|22135|22005|22228|22387
22360;Trégueux;5;22106|22389|22176|22215|22278
22361;Tréguidel;4;22117|22182|22375|22177
22362;Tréguier;1;22152
22363;Trélévern;4;22379|22028|22090|22134
22364;Trélivan;9;22259|22050|22050|22280|22008|22021|22342|22388|22003
22365;Trémargat;5;22115|22229|22087|22320|22169
22366;Trémel;7;22238|22227|29183|29199|29199|29182|22194
22251;Tréméloir;4;22251|22372|22182|22356
22368;Tréméreuc;5;35228|22190|22190|22209|22209
22369;Trémeur;4;22145|22348|22020|22337
22370;Tréméven;7;22178|22236|22112|22063|22378|22057|22108
22371;Trémorel;6;22114|22240|22133|22083|22147|22309
22372;Trémuson;8;22251|22251|22187|22215|22144|22188|22182|22251
22373;Tréogan;5;22202|56100|56066|29250|29152
22375;Tressignaux;6;22177|22361|22182|22019|22065|22121
22376;Trévé;5;22068|22155|22136|22279|22330
22377;Tréveneuc;3;22325|22232|22222
22378;Trévérec;4;22370|22063|22293|22057
22379;Trévou-Tréguignec;3;22166|22028|22363
22380;Trévron;7;22280|22026|22308|22239|22021|22082|22008
22381;Trézény;4;22042|22110|22265|22090
22190;Trigavou;5;22190|22339|22105|22209|22209
22383;Troguéry;4;22264|22264|22264|22264
22384;Uzel;6;22203|22203|22300|22330|22149|22001
22385;La Vicomté-sur-Rance;5;22197|22299|22118|22339|22327
22386;Le Vieux-Bourg;8;22126|22059|22276|22074|22029|22294|22284|22291
22387;Le Vieux-Marché;5;22245|22359|22228|22207|22211
22388;Vildé-Guingalan;6;22003|22364|22342|22097|22315|22048
22389;Yffiniac;6;22081|22246|22258|22176|22360|22106
22390;Yvias;6;22086|22214|22178|22108|22256|22233
22391;Yvignac-la-Tour;7;22342|22021|22239|22032|22020|22348|22104
29001;Argol;5;29289|29256|29280|29042|29104
29002;Arzano;7;29071|56166|56040|56179|29234|29297|29136
29003;Audierne;1;29003
29003;Audierne;4;29008|29218|29228|29063
29004;Bannalec;7;29269|29147|29300|29236|29217|29241|29274
29005;Baye;4;29147|29233|29150|29236
29006;Bénodet;3;29161|29058|29032
29007;Berrien;7;29275|29227|29227|29081|29054|29202|29034
29008;Beuzec-Cap-Sizun;6;29226|29145|29218|29003|29003|29063
29010;Bodilis;7;29193|29105|29128|29180|29237|29264|29187
29011;Bohars;4;29019|29069|29076|29076
29012;Bolazec;6;22217|22132|22231|22031|29275|29014
29013;Botmeur;6;29054|29018|29016|29261|29277|29038
29014;Botsorhel;9;29183|29067|22217|29012|29275|29114|29199|29199|29199
29015;Bourg-Blanc;7;29209|29160|29061|29019|29076|29076|29035
29016;Brasparts;7;29013|29018|29141|29115|29162|29139|29261
29017;Brélès;4;29208|29119|29177|29112
29018;Brennilis;6;29081|29211|29141|29016|29013|29054
29019;Brest;8;29015|29061|29075|29212|29069|29076|29076|29011
29020;Briec;9;29062|29048|29110|29107|29051|29232|29106|29025|29142
29021;Brignogan-Plages;2;29021|29091
29021;Plounéour-Brignogan-Plages;3;29064|29198|29091
29022;Camaret-sur-Mer;1;29042
29023;Carantec;2;29279|29079
29024;Carhaix-Plouguer;8;22351|22157|22202|29152|29250|29029|29089|29205
29025;Cast;9;29026|29243|29142|29020|29106|29229|29176|29166|29172
29026;Châteaulin;8;29162|29142|29243|29025|29172|29044|29222|29263
29027;Châteauneuf-du-Faou;6;29278|29249|29122|29267|29123|29175
29028;Cléden-Cap-Sizun;3;29063|29228|29168
29029;Cléden-Poher;5;29089|29024|29250|29278|29102
29030;Cléder;5;29276|29285|29271|29206|29185
29031;Clohars-Carnoët;3;29233|56078|29150
29032;Clohars-Fouesnant;3;29161|29006|29060
29033;Le Cloître-Pleyben;4;29175|29123|29162|29115
29034;Le Cloître-Saint-Thégonnec;6;29191|29275|29007|29202|29163|29207
29035;Coat-Méal;7;29209|29015|29076|29076|29076|29196|29290
29036;Collorec;3;29211|29102|29175
29037;Combrit;5;29170|29085|29220|29296|29216
29038;Commana;7;29266|29266|29202|29054|29013|29277|29262
29039;Concarneau;4;29146|29293|29057|29272
29040;Le Conquet;3;29201|29282|29190
29041;Coray;6;29122|29125|29281|29049|29110|29291
29042;Crozon;5;29120|29001|29280|29022|29238
29043;Daoulas;4;29270|29086|29137|29045
29044;Dinéault;4;29026|29172|29256|29289
29045;Dirinon;5;29103|29156|29270|29043|29140
29046;Douarnenez;4;29090|29087|29224|29226
29047;Le Drennec;6;29055|29179|29095|29160|29126|29100
29048;Edern;6;29267|29122|29291|29110|29020|29062
29049;Elliant;7;29041|29281|29241|29272|29051|29107|29110
29051;Ergué-Gabéric;6;29107|29049|29272|29247|29232|29020
29003;Esquibien;5;29008|29218|29003|29228|29063
29053;Le Faou;3;29078|29302|29240
29054;La Feuillée;6;29007|29081|29018|29013|29038|29202
29055;Le Folgoët;7;29094|29124|29179|29047|29100|29093|29248
29056;La Forest-Landerneau;3;29103|29075|29245
29057;La Forêt-Fouesnant;4;29272|29039|29058|29247
29058;Fouesnant;4;29247|29057|29006|29161
29059;Garlan;6;29251|29113|29199|29199|29151|29186
29060;Gouesnach;2;29161|29032
29061;Gouesnou;4;29160|29075|29019|29015
29062;Gouézec;6;29123|29267|29048|29020|29142|29162
29063;Goulien;5;29008|29003|29003|29228|29028
29064;Goulven;4;29287|29198|29021|29021
29065;Gourlizon;6;29087|29066|29173|29167|29108|29224
29066;Guengat;5;29169|29232|29173|29065|29087
29067;Guerlesquin;4;22227|22217|29014|29183
29068;Guiclan;8;29279|29266|29266|29074|29097|29105|29210|29184
29069;Guilers;6;29011|29019|29212|29260|29076|29076
29070;Guiler-sur-Goyen;4;29224|29108|29215|29143
29071;Guilligomarc'h;6;56014|56166|29002|29136|29230|56131
29072;Guilvinec;3;29284|29158|29171
29073;Guimaëc;5;29133|22194|29182|29113|29251
29074;Guimiliau;6;29068|29266|29266|29266|29262|29097
29075;Guipavas;7;29095|29245|29056|29235|29019|29061|29160
29076;Guipronvel;4;29035|29076|29299|29196
29076;Milizac-Guipronvel;9;29035|29015|29011|29019|29069|29260|29119|29299|29196
29077;Guissény;5;29091|29198|29248|29093|29195
29078;Hanvec;7;29246|29277|29139|29302|29053|29080|29086
29079;Henvic;2;29023|29279
29080;Hôpital-Camfrout;3;29086|29078|29137
29081;Huelgoat;6;29227|29227|29211|29018|29054|29007
29085;Île-Tudy;1;29037
29086;Irvillac;7;29294|29246|29078|29080|29137|29043|29270
29087;Le Juch;6;29090|29169|29066|29065|29224|29046
29089;Kergloff;7;29227|29227|29205|29024|29029|29102|29211
29090;Kerlaz;5;29176|29134|29169|29087|29046
29091;Kerlouan;5;29021|29021|29021|29198|29077
29093;Kernilis;7;29248|29055|29100|29126|29209|29195|29077
29094;Kernouës;4;29198|29124|29055|29248
29095;Kersaint-Plabennec;6;29179|29268|29245|29075|29160|29047
29097;Lampaul-Guimiliau;6;29068|29074|29262|29131|29128|29105
29098;Lampaul-Plouarzel;1;29177
29099;Lampaul-Ploudalmézeau;3;29257|29196|29178
29100;Lanarvily;4;29055|29047|29126|29093
29101;Landéda;1;29117
29102;Landeleau;6;29089|29029|29278|29175|29036|29211
29103;Landerneau;7;29181|29156|29045|29056|29245|29268|29179
29104;Landévennec;2;29001|29280
29105;Landivisiau;6;29210|29068|29097|29128|29010|29193
29106;Landrévarzec;5;29020|29232|29169|29229|29025
29107;Landudal;4;29110|29049|29051|29020
29108;Landudec;6;29224|29065|29167|29225|29215|29070
29109;Landunvez;3;29178|29208|29221
29110;Langolen;6;29291|29041|29049|29107|29020|29048
29111;Lanhouarneau;6;29206|29271|29244|29204|29255|29198
29112;Lanildut;3;29208|29017|29221
29113;Lanmeur;6;29073|29182|29199|29199|29059|29251
29114;Lannéanou;5;29014|29275|29191|29199|29199
29115;Lannédern;5;29141|29175|29033|29162|29016
29116;Lanneuffret;3;29237|29181|29204
29117;Lannilis;4;29195|29209|29290|29101
29119;Lanrivoaré;7;29299|29076|29076|29260|29177|29017|29208
29120;Lanvéoc;1;29042
29122;Laz;7;29027|29249|29125|29041|29291|29048|29267
29123;Lennon;6;29033|29175|29027|29267|29062|29162
29124;Lesneven;5;29198|29255|29179|29055|29094
29125;Leuhan;6;29249|56199|29274|29281|29041|29122
29126;Loc-Brévalaire;5;29100|29047|29160|29209|29093
29266;Loc-Eguiner-Saint-Thégonnec;5;29266|29202|29038|29262|29074
29128;Loc-Eguiner;5;29105|29097|29131|29180|29010
29227;Locmaria-Berrien;5;29275|29227|29211|29081|29007
29130;Locmaria-Plouzané;3;29212|29190|29201
29131;Locmélar;5;29097|29262|29277|29180|29128
29132;Locquénolé;1;29279
29133;Locquirec;1;29073
29134;Locronan;4;29229|29169|29090|29176
29135;Loctudy;2;29165|29220
29136;Locunolé;4;29071|29002|29297|29230
29137;Logonna-Daoulas;3;29043|29086|29080
29139;Lopérec;7;29261|29016|29162|29263|29302|29078|29277
29140;Loperhet;2;29045|29189
29141;Loqueffret;5;29018|29211|29175|29115|29016
29142;Lothey;6;29162|29062|29020|29025|29243|29026
29143;Mahalon;7;29226|29224|29070|29215|29197|29218|29145
29144;La Martyre;6;29180|29294|29286|29270|29156|29237
29145;Confort-Meilars;4;29226|29143|29218|29008
29146;Melgven;5;29241|29217|29293|29039|29272
29147;Mellac;8;29230|29297|29233|29005|29236|29300|29004|29269
29148;Mespaul;5;29184|29210|29213|29301|29192
29076;Milizac;9;29035|29015|29011|29019|29069|29260|29119|29299|29076
29150;Moëlan-sur-Mer;4;29005|29233|29031|29236
29151;Morlaix;7;29186|29059|29199|29199|29191|29207|29254
29152;Motreff;4;22202|22373|29250|29024
29153;Névez;2;29217|29293
29156;Pencran;6;29237|29144|29270|29045|29103|29181
29158;Penmarc'h;2;29171|29072
29159;Peumerit;4;29167|29174|29298|29214
29160;Plabennec;7;29126|29047|29095|29075|29061|29015|29209
29161;Pleuven;6;29247|29058|29006|29032|29060|29232
29162;Pleyben;9;29016|29115|29033|29123|29062|29142|29026|29263|29139
29163;Pleyber-Christ;7;29254|29207|29034|29202|29266|29266|29265
29165;Plobannalec-Lesconil;4;29220|29135|29284|29171
29166;Ploéven;3;29025|29176|29172
29167;Plogastel-Saint-Germain;8;29173|29216|29174|29159|29214|29225|29108|29065
29168;Plogoff;2;29028|29228
29169;Plogonnec;7;29229|29106|29232|29066|29087|29090|29134
29170;Plomelin;3;29232|29037|29216
29171;Plomeur;7;29174|29220|29165|29284|29072|29158|29252
29172;Plomodiern;5;29044|29026|29025|29166|29256
29173;Plonéis;5;29066|29232|29216|29167|29065
29174;Plonéour-Lanvern;9;29167|29216|29296|29220|29171|29252|29292|29298|29159
29175;Plonévez-du-Faou;9;29211|29036|29102|29278|29027|29123|29033|29115|29141
29176;Plonévez-Porzay;5;29166|29025|29229|29134|29090
29177;Plouarzel;5;29017|29119|29260|29201|29098
29178;Ploudalmézeau;4;29099|29196|29208|29109
29179;Ploudaniel;11;29124|29288|29255|29204|29295|29181|29103|29268|29095|29047|29055
29180;Ploudiry;7;29010|29128|29131|29277|29294|29144|29237
29181;Plouédern;7;29204|29116|29237|29156|29103|29179|29295
29182;Plouégat-Guérand;6;22194|22366|29199|29199|29113|29073
29183;Plouégat-Moysan;7;22227|29067|29014|29199|29199|29199|22366
29184;Plouénan;6;29279|29068|29210|29148|29192|29259
29185;Plouescat;2;29030|29206
29186;Plouezoc'h;4;29188|29251|29059|29151
29187;Plougar;6;29213|29193|29010|29264|29244|29271
29188;Plougasnou;2;29251|29186
29189;Plougastel-Daoulas;1;29140
29190;Plougonvelin;4;29201|29130|29040|29282
29191;Plougonven;7;29199|29199|29114|29275|29034|29207|29151
29192;Plougoulm;7;29273|29259|29184|29148|29301|29285|29276
29193;Plougourvest;5;29210|29105|29010|29187|29213
29195;Plouguerneau;4;29077|29093|29209|29117
29196;Plouguin;9;29290|29035|29076|29076|29299|29208|29178|29099|29257
29197;Plouhinec;3;29143|29215|29218
29198;Plouider;12;29287|29206|29111|29255|29124|29094|29248|29077|29091|29021|29021|29064
29199;Plouigneau;10;29182|22366|29183|29199|29014|29114|29191|29151|29059|29113
29199;Plouigneau;9;29182|22366|29183|29014|29114|29191|29151|29059|29113
29201;Ploumoguer;7;29260|29212|29130|29190|29282|29040|29177
29202;Plounéour-Ménez;8;29163|29034|29007|29054|29038|29266|29266|29266
29021;Plounéour-Trez;4;29064|29198|29091|29021
29204;Plounéventer;9;29111|29244|29264|29237|29116|29181|29295|29179|29255
29205;Plounévézel;6;22031|22351|29024|29089|29227|29227
29206;Plounévez-Lochrist;6;29185|29030|29271|29111|29198|29287
29207;Plourin-lès-Morlaix;5;29191|29034|29163|29254|29151
29208;Plourin;8;29178|29196|29299|29119|29017|29112|29221|29109
29209;Plouvien;8;29093|29126|29160|29015|29035|29290|29117|29195
29210;Plouvorn;6;29184|29068|29105|29193|29213|29148
29211;Plouyé;10;29227|29227|29227|29089|29102|29036|29175|29141|29018|29081
29212;Plouzané;5;29069|29019|29130|29201|29260
29213;Plouzévédé;7;29301|29148|29210|29193|29187|29271|29285
29214;Plovan;4;29167|29159|29298|29225
29215;Plozévet;5;29070|29108|29225|29197|29143
29216;Pluguffan;7;29232|29170|29037|29296|29174|29167|29173
29217;Pont-Aven;6;29004|29236|29153|29293|29146|29241
29218;Pont-Croix;6;29145|29143|29197|29003|29003|29008
29199;Le Ponthou;3;29183|29014|29199
29220;Pont-l'Abbé;6;29037|29135|29165|29171|29174|29296
29221;Porspoder;3;29109|29208|29112
29222;Port-Launay;2;29263|29026
29224;Pouldergat;7;29087|29065|29108|29070|29143|29226|29046
29225;Pouldreuzic;4;29108|29167|29214|29215
29226;Poullan-sur-Mer;5;29046|29224|29143|29145|29008
29227;Poullaouen;6;22031|29205|29089|29211|29227|29275
29227;Poullaouen;7;22031|29205|29089|29211|29081|29007|29275
29228;Primelin;5;29063|29003|29003|29168|29028
29229;Quéménéven;5;29025|29106|29169|29134|29176
29230;Querrien;8;56105|56131|29071|29136|29297|29147|29269|56081
29232;Quimper;10;29106|29020|29051|29247|29161|29170|29216|29173|29066|29169
29233;Quimperlé;7;29297|29234|56078|29031|29150|29005|29147
29234;Rédené;5;29002|56179|56078|29233|29297
29235;Le Relecq-Kerhuon;1;29075
29236;Riec-sur-Bélon;6;29300|29147|29005|29150|29217|29004
29237;La Roche-Maurice;8;29264|29010|29180|29144|29156|29181|29116|29204
29238;Roscanvel;1;29042
29239;Roscoff;2;29259|29273
29240;Rosnoën;2;29053|29302
29241;Rosporden;7;29274|29004|29217|29146|29272|29049|29281
29243;Saint-Coulitz;3;29142|29025|29026
29244;Saint-Derrien;5;29271|29187|29264|29204|29111
29245;Saint-Divy;5;29268|29103|29056|29075|29095
29246;Saint-Eloy;4;29277|29078|29086|29294
29247;Saint-Évarzec;6;29051|29272|29057|29058|29161|29232
29248;Saint-Frégant;5;29198|29094|29055|29093|29077
29249;Saint-Goazec;5;29278|56199|29125|29122|29027
29250;Saint-Hernin;6;29024|29152|22373|56066|29278|29029
29251;Saint-Jean-du-Doigt;5;29073|29113|29059|29186|29188
29252;Saint-Jean-Trolimon;3;29174|29171|29292
29254;Saint-Martin-des-Champs;5;29151|29207|29163|29265|29279
29255;Saint-Méen;6;29111|29204|29179|29288|29124|29198
29256;Saint-Nic;4;29289|29044|29172|29001
29257;Saint-Pabu;2;29196|29099
29259;Saint-Pol-de-Léon;4;29239|29184|29192|29273
29260;Saint-Renan;7;29076|29076|29069|29212|29201|29177|29119
29261;Saint-Rivoal;4;29013|29016|29139|29277
29262;Saint-Sauveur;7;29074|29266|29266|29038|29277|29131|29097
29263;Saint-Ségal;5;29139|29162|29026|29222|29302
29264;Saint-Servais;5;29187|29010|29237|29204|29244
29265;Sainte-Sève;5;29254|29163|29266|29266|29279
29266;Saint-Thégonnec;7;29279|29265|29163|29202|29266|29074|29068
29266;Saint-Thégonnec Loc-Eguiner;8;29279|29265|29163|29202|29038|29262|29074|29068
29267;Saint-Thois;5;29123|29027|29122|29048|29062
29268;Saint-Thonan;4;29179|29103|29245|29095
29269;Saint-Thurien;5;29230|29147|29004|29274|56081
29270;Saint-Urbain;7;29156|29144|29286|29294|29086|29043|29045
29271;Saint-Vougay;7;29030|29285|29213|29187|29244|29111|29206
29272;Saint-Yvi;7;29049|29241|29146|29039|29057|29247|29051
29273;Santec;3;29239|29259|29192
29274;Scaër;7;56199|56081|29269|29004|29241|29281|29125
29275;Scrignac;10;29114|29014|29012|22031|29227|29227|29227|29007|29034|29191
29276;Sibiril;3;29192|29285|29030
29277;Sizun;10;29262|29038|29013|29261|29139|29078|29246|29294|29180|29131
29278;Spézet;8;29029|29250|56066|56199|29249|29027|29175|29102
29279;Taulé;9;29132|29254|29265|29266|29266|29068|29184|29079|29023
29280;Telgruc-sur-Mer;3;29104|29001|29042
29281;Tourch;5;29125|29274|29241|29049|29041
29282;Trébabu;3;29201|29190|29040
29284;Treffiagat;3;29165|29072|29171
29285;Tréflaouénan;6;29276|29192|29301|29213|29271|29030
29286;Tréflévénez;3;29144|29294|29270
29287;Tréflez;3;29206|29198|29064
29288;Trégarantec;2;29255|29179
29289;Trégarvan;3;29044|29256|29001
29290;Tréglonou;4;29117|29209|29035|29196
29291;Trégourez;4;29122|29041|29110|29048
29292;Tréguennec;3;29174|29252|29298
29293;Trégunc;4;29217|29153|29039|29146
29294;Le Tréhou;7;29180|29277|29246|29086|29270|29286|29144
29295;Trémaouézan;3;29204|29181|29179
29296;Tréméoc;4;29216|29037|29220|29174
29297;Tréméven;6;29136|29002|29234|29233|29147|29230
29298;Tréogat;4;29159|29174|29292|29214
29299;Tréouergat;6;29196|29076|29076|29076|29119|29208
29300;Le Trévoux;3;29147|29236|29004
29301;Trézilidé;4;29192|29148|29213|29285
29302;Pont-de-Buis-lès-Quimerch;5;29139|29263|29240|29053|29078
35001;Acigné;7;35152|35031|35327|35039|35207|35051|35334
35002;Amanlis;8;35069|35069|35220|35220|35136|35088|35204|35069
35003;Andouillé-Neuville;6;35326|35118|35251|35296|35007|35110
35004;Antrain;5;50443|35004|35004|35004|35329
35004;Val-Couesnon;15;50443|50487|50337|35191|35191|35257|35257|35292|35292|35075|35244|35242|35019|35354|35329
35005;Arbrissel;4;35235|35199|35239|35359
35006;Argentré-du-Plessis;8;35105|35183|35217|35042|35119|35272|35097|35109
35007;Aubigné;4;35110|35003|35296|35195
35008;Availles-sur-Seiche;6;35119|53088|35325|35235|35125|35200
35009;Baguer-Morvan;6;35095|35104|35029|35362|35224|35246
35010;Baguer-Pican;6;35259|35034|35104|35095|35186|35078
35292;Baillé;6;35257|35257|35257|35280|35336|35292
35012;Bain-de-Bretagne;9;35212|35030|35106|35316|35098|35202|35176|35176|35221
35013;Bains-sur-Oust;9;35328|35237|35294|35236|56232|56239|56061|56061|56044
35014;Bais;9;35338|35350|35097|35359|35165|35198|35220|35220|35161
35015;Balazé;7;35072|35185|35300|35360|35194|35330|35260
35016;Baulon;8;35037|35123|35149|35127|35057|35035|35169|35319
35017;La Baussaine;7;35337|35134|35050|35180|35156|35318|35346
35018;La Bazouge-du-Désert;5;53125|53181|53213|35142|35162
35019;Bazouges-la-Pérouse;10;35354|35004|35004|35004|35242|35309|35164|35205|35092|35339
35021;Beaucé;4;35138|35112|35324|35115
35022;Bécherel;2;35156|35180
35023;Bédée;12;35245|35227|35040|35188|35133|35203|35184|35184|35060|35060|35060|35135
35024;Betton;9;35079|35197|35315|35152|35334|35051|35238|35278|35173
35025;Billé;9;35137|35214|35192|35086|35282|35282|35282|35063|35243
35026;Bléruais;4;35295|35277|35290|35201
35027;Boisgervilly;6;35184|35184|35320|35133|35295|35302
35028;Boistrudan;5;35198|35165|35108|35220|35220
35029;Bonnemain;10;35104|35342|35159|35085|35172|35308|35308|35308|35362|35009
35030;La Bosse-de-Bretagne;6;35343|35140|35106|35012|35212|35322
35031;La Bouëxière;7;35101|35347|35166|35068|35327|35001|35152
35032;Bourgbarré;6;35352|35250|35088|35054|35208|35266
35033;Bourg-des-Comptes;6;35139|35090|35231|35221|35312|35126
35034;La Boussac;7;35248|35222|35339|35044|35104|35010|35259
35035;Bovel;6;35016|35057|35168|35168|35168|35169
35037;Bréal-sous-Montfort;5;35196|35123|35016|35319|35351
35038;Bréal-sous-Vitré;5;53247|53108|35217|35183|35105
35039;Brécé;3;35327|35207|35001
35040;Breteil;7;35227|35275|35065|35080|35331|35188|35023
35041;Brie;4;35136|35321|35054|35088
35042;Brielles;4;35217|53088|35119|35006
35044;Broualan;4;35034|35339|35092|35104
35045;Bruc-sur-Aff;6;35219|35285|35328|56033|56033|35311
35046;Les Brulais;4;35168|35168|35084|56075
35047;Bruz;7;35281|35066|35363|35139|35126|35123|35076
35168;Campel;3;35035|35168|35169
35049;Cancale;2;35299|35263
35050;Cardroc;4;35134|35058|35180|35017
35051;Cesson-Sévigné;7;35334|35001|35207|35099|35055|35238|35024
35052;Champeaux;6;35141|35194|35229|35283|35166|35347
35220;Chancé;5;35161|35014|35198|35220|35096
35054;Chanteloup;8;35032|35088|35041|35321|35218|35090|35139|35208
35055;Chantepie;5;35051|35099|35352|35206|35238
35056;La Chapelle-aux-Filtzméens;5;35085|35233|35265|35226|35172
35057;La Chapelle-Bouëxic;6;35127|35175|35168|35168|35035|35016
35058;La Chapelle-Chaussée;9;35258|35317|35276|35146|35144|35245|35180|35050|35134
35059;La Chapelle-des-Fougeretz;5;35173|35278|35189|35210|35177
35060;La Chapelle du Lou du Lac;5;35135|35023|35184|35184|35143
35060;La Chapelle-du-Lou;6;35135|35023|35060|35184|35184|35143
35061;La Chapelle-Erbrée;4;53040|53247|35105|35300
35062;La Chapelle-Janson;6;53126|53177|35163|35163|35324|35112
35063;La Chapelle-Saint-Aubert;7;35310|35243|35025|35282|35282|35282|35282
35064;La Chapelle-de-Brain;4;35145|44092|44007|35237
35065;La Chapelle-Thouarault;5;35275|35131|35196|35080|35040
35066;Chartres-de-Bretagne;4;35206|35363|35047|35281
35067;Chasné-sur-Illet;5;35107|35152|35315|35197|35251
35068;Châteaubourg;6;35166|35283|35264|35096|35327|35031
35069;Châteaugiron;6;35069|35069|35002|35204|35099|35207
35069;Châteaugiron;7;35096|35220|35220|35002|35204|35099|35207
35070;Châteauneuf-d'Ille-et-Vilaine;4;35179|22197|35358|35306
35071;Le Châtellier;6;35357|35215|35273|35191|35191|35230
35072;Châtillon-en-Vendelais;8;35163|35163|35232|35185|35015|35260|35192|35214
35075;Chauvigné;8;35292|35292|35336|35261|35355|35244|35004|35004
35076;Chavagne;5;35240|35281|35047|35123|35196
35077;Chelun;4;35235|53192|35103|35114
35078;Cherrueix;3;35259|35010|35186
35079;Chevaigné;5;35251|35197|35024|35173|35274
35080;Cintré;4;35065|35196|35331|35040
35081;Clayes;3;35216|35275|35227
35082;Coësmes;6;35239|35167|35335|35089|35262|35333
35191;Coglès;12;50100|35111|35191|35191|35257|35257|35004|35004|35004|50337|50018|50487
35084;Comblessac;7;35046|35168|35168|56033|56033|56033|56075
35085;Combourg;10;35159|35342|35092|35286|35148|35094|35233|35056|35172|35029
35086;Combourtillé;5;35025|35192|35170|35282|35282
35087;Cornillé;5;35252|35338|35161|35264|35283
35088;Corps-Nuds;7;35204|35002|35136|35041|35054|35032|35250
35089;La Couyère;6;35136|35262|35082|35335|35140|35343
35090;Crevin;6;35054|35218|35212|35231|35033|35139
35091;Le Crouais;5;35234|35184|35184|35302|35297
35092;Cuguen;8;35339|35019|35205|35286|35085|35342|35104|35044
35093;Dinard;3;35241|35228|35287
35094;Dingé;10;35148|35286|35164|35110|35195|35128|35130|35337|35233|35085
35095;Dol-de-Bretagne;5;35010|35104|35009|35246|35186
35096;Domagné;11;35068|35264|35161|35220|35220|35220|35069|35069|35069|35207|35327
35097;Domalain;8;35109|35006|35272|35200|35125|35359|35014|35350
35098;La Dominelais;6;35316|44197|44105|35124|35202|35012
35099;Domloup;7;35207|35069|35069|35204|35352|35055|35051
35163;Dompierre-du-Chemin;4;35163|35232|35072|35214
35101;Dourdain;4;35154|35347|35031|35152
35102;Drouges;3;35235|35239|35199
35103;Eancé;7;35077|53192|53259|49248|49248|35167|35114
35104;Epiniac;8;35010|35034|35044|35092|35342|35029|35009|35095
35105;Erbrée;9;35300|35061|53040|53247|35038|35183|35006|35109|35360
35106;Ercé-en-Lamée;8;35343|35140|35335|35332|44148|35316|35012|35030
35107;Ercé-près-Liffré;6;35253|35121|35152|35067|35251|35118
35108;Essé;6;35220|35220|35028|35165|35333|35136
35109;Étrelles;8;35360|35105|35006|35097|35350|35338|35252|35229
35110;Feins;6;35164|35326|35003|35007|35195|35094
35111;Le Ferré;9;50347|35271|35230|35191|35191|35191|50100|50487|50487
35112;Fleurigné;6;35157|53126|35062|35324|35021|35138
35004;La Fontenelle;5;35004|35004|35019|35354|35329
35114;Forges-la-Forêt;5;35235|35077|35103|35167|35239
35115;Fougères;5;35138|35021|35324|35137|35150
35116;La Fresnais;7;35132|35186|35246|35153|35279|35122|35255
35117;Gaël;8;35297|35302|35201|56043|56225|56127|22083|22133
35118;Gahard;7;35355|35178|35253|35107|35251|35003|35326
35119;Gennes-sur-Seiche;6;35042|53088|35008|35200|35272|35006
35120;Gévezé;8;35356|35177|35210|35275|35216|35245|35144|35146
35121;Gosné;3;35253|35152|35107
35122;La Gouesnière;5;35255|35116|35279|35306|35299
35123;Goven;7;35076|35047|35126|35149|35016|35037|35196
35124;Grand-Fougeray;6;35098|44105|44051|44123|35249|35202
35125;La Guerche-de-Bretagne;5;35097|35200|35008|35235|35359
35126;Guichen;7;35047|35139|35033|35312|35127|35149|35123
35127;Guignen;12;35126|35312|35289|35176|35176|35155|35175|35168|35168|35057|35016|35149
35128;Guipel;5;35094|35195|35296|35356|35130
35176;Guipry;8;35289|35176|35145|35268|35219|35151|35155|35127
35130;Hédé-Bazouges;5;35094|35128|35356|35317|35337
35131;L'Hermitage;5;35210|35240|35196|35065|35275
35132;Hirel;4;35361|35186|35116|35255
35133;Iffendic;15;35203|35023|35188|35331|35187|35305|35211|35290|35277|35295|35302|35027|35184|35184|35320
35134;Les Iffs;5;35337|35258|35058|35050|35017
35135;Irodouër;7;35180|35245|35023|35060|35060|35143|35307
35136;Janzé;11;35002|35220|35220|35108|35333|35262|35089|35343|35321|35041|35088
35137;Javené;8;35115|35324|35163|35163|35214|35025|35243|35150
35138;Laignelet;6;35142|35157|35112|35021|35115|35150
35139;Laillé;7;35363|35208|35054|35090|35033|35126|35047
35140;Lalleu;5;35089|35335|35106|35030|35343
35141;Landavran;4;35330|35194|35052|35347
35142;Landéan;7;35162|35018|53213|35157|35138|35150|35215
35143;Landujan;7;35307|35135|35060|35060|35184|35184|35171
35144;Langan;4;35146|35120|35245|35058
35145;Langon;11;35176|35176|35176|35249|44123|44067|44092|35064|35237|35285|35268
35146;Langouet;6;35317|35356|35120|35144|35058|35276
35308;Lanhélin;3;35029|35172|35308
35148;Lanrigan;3;35286|35094|35085
35149;Lassy;4;35123|35126|35127|35016
35150;Lécousse;7;35215|35142|35138|35115|35137|35243|35273
35151;Lieuron;6;35155|35176|35176|35219|35168|35168
35152;Liffré;11;35121|35253|35154|35101|35031|35001|35334|35024|35315|35067|35107
35153;Lillemer;4;35116|35246|35224|35279
35154;Livré-sur-Changeon;7;35282|35282|35170|35347|35101|35152|35253
35155;Lohéac;6;35127|35176|35176|35151|35168|35168
35156;Longaulnay;6;35318|35017|35180|35022|35307|22208
35157;Le Loroux;5;53213|53126|35112|35138|35142
35060;Le Lou-du-Lac;4;35060|35023|35184|35184
35159;Lourmais;3;35342|35085|35029
35160;Loutehel;5;35169|35168|35168|56075|35223
35161;Louvigné-de-Bais;7;35087|35338|35014|35220|35220|35096|35264
35162;Louvigné-du-Désert;9;50274|53125|35018|35142|35215|35357|35174|35190|50452
35163;Luitré;9;35062|53177|53245|53123|35232|35163|35214|35137|35324
35163;Luitré-Dompierre;9;35062|53177|53245|53123|35232|35072|35214|35137|35324
35164;Marcillé-Raoul;7;35019|35309|35326|35110|35094|35286|35205
35165;Marcillé-Robert;7;35014|35359|35239|35333|35108|35028|35198
35166;Marpiré;5;35347|35052|35283|35068|35031
35167;Martigné-Ferchaud;10;35114|35103|49248|49248|44218|44112|44058|35335|35082|35239
35168;Maure-de-Bretagne;16;35035|35057|35127|35175|35155|35151|35219|35311|56033|56033|35084|35046|56075|35160|35168|35169
35168;Val d'Anast;15;35035|35057|35127|35175|35155|35151|35219|35311|56033|56033|35084|35046|56075|35160|35169
35169;Maxent;9;35340|35319|35016|35035|35168|35168|35168|35160|35223
35170;Mecé;7;35086|35192|35260|35347|35154|35282|35282
35171;Médréac;9;22208|35307|35143|35184|35184|35184|35234|22036|22071
35172;Meillac;7;35029|35085|35056|35226|35308|35308|35308
35173;Melesse;8;35296|35274|35079|35024|35278|35059|35177|35193
35174;Mellé;4;35190|35162|35357|35271
35175;Mernel;4;35057|35127|35168|35168
35176;Guipry-Messac;11;35289|35221|35012|35202|35249|35145|35268|35219|35151|35155|35127
35176;Messac;7;35221|35012|35202|35249|35145|35176|35289
35177;La Mézière;6;35193|35173|35059|35210|35120|35356
35178;Mézières-sur-Couesnon;7;35304|35282|35282|35282|35253|35118|35355
35179;Miniac-Morvan;10;35279|35224|35362|35308|35308|35308|22197|35358|35070|35306
35180;Miniac-sous-Bécherel;8;35017|35050|35058|35245|35135|35307|35022|35156
35181;Le Minihic-sur-Rance;2;22103|35228
35183;Mondevert;4;35038|35217|35006|35105
35184;Montauban-de-Bretagne;13;35184|35171|35143|35060|35060|35060|35023|35320|35133|35027|35302|35091|35234
35184;Montauban-de-Bretagne;12;35171|35143|35060|35060|35060|35023|35320|35133|35027|35302|35091|35234
35185;Montautour;5;35232|53086|35300|35015|35072
35186;Mont-Dol;7;35078|35010|35095|35246|35116|35132|35361
35187;Monterfil;6;35331|35351|35319|35340|35305|35133
35188;Montfort-sur-Meu;4;35023|35040|35331|35133
35189;Montgermont;4;35278|35238|35210|35059
35190;Monthault;6;50484|50452|35162|35174|35271|50515
35191;Les Portes du Coglais;14;35111|35230|35071|35273|35257|35257|35257|35004|35004|35004|50337|50018|50487|50100
35191;Montours;8;35111|35230|35071|35273|35257|35257|35191|35191
35192;Montreuil-des-Landes;6;35214|35072|35260|35170|35086|35025
35193;Montreuil-le-Gast;4;35296|35173|35177|35356
35194;Montreuil-sous-Pérouse;6;35330|35015|35360|35229|35052|35141
35195;Montreuil-sur-Ille;5;35110|35007|35296|35128|35094
35196;Mordelles;9;35131|35240|35076|35123|35037|35351|35331|35080|35065
35197;Mouazé;5;35251|35067|35315|35024|35079
35198;Moulins;6;35014|35165|35028|35220|35220|35220
35199;Moussé;4;35235|35102|35239|35005
35200;Moutiers;5;35272|35119|35008|35125|35097
35201;Muel;7;35302|35295|35026|35290|35211|56043|35117
35202;La Noë-Blanche;6;35012|35098|35124|35249|35176|35176
35203;La Nouaye;2;35023|35133
35204;Nouvoitou;7;35099|35069|35069|35002|35088|35250|35352
35205;Noyal-sous-Bazouges;4;35019|35164|35286|35092
35206;Noyal-Châtillon-sur-Seiche;7;35055|35352|35266|35363|35066|35281|35238
35207;Noyal-sur-Vilaine;9;35039|35327|35096|35069|35069|35069|35099|35051|35001
35208;Orgères;5;35266|35032|35054|35139|35363
35069;Ossé;4;35096|35069|35069|35207
35210;Pacé;9;35177|35059|35189|35238|35353|35240|35131|35275|35120
35211;Paimpont;11;35201|35290|35133|35305|35223|56012|56032|56256|56145|56127|56043
35212;Pancé;7;35218|35322|35030|35012|35221|35231|35090
35214;Parcé;7;35163|35163|35163|35072|35192|35025|35137
35215;Parigné;6;35162|35142|35150|35273|35071|35357
35216;Parthenay-de-Bretagne;5;35120|35275|35081|35227|35245
35217;Le Pertre;9;53108|53209|53026|53151|53088|35042|35006|35183|35038
35218;Le Petit-Fougeray;5;35321|35322|35212|35090|35054
35219;Pipriac;9;35151|35176|35176|35268|35285|35045|35311|35168|35168
35220;Piré-Chancé;10;35096|35161|35014|35198|35028|35108|35136|35002|35069|35069
35220;Piré-sur-Seiche;9;35096|35220|35198|35028|35108|35136|35002|35069|35069
35221;Pléchâtel;8;35033|35231|35212|35012|35176|35176|35289|35312
35222;Pleine-Fougères;8;35270|50410|50410|35329|35354|35339|35034|35248
35223;Plélan-le-Grand;8;35305|35340|35169|35160|56075|56226|56012|35211
35224;Plerguer;6;35246|35009|35362|35179|35279|35153
35225;Plesder;7;35308|35308|35226|35345|22056|22035|22299
35226;Pleugueneuc;7;35308|35172|35056|35265|35345|35225|35308
35227;Pleumeleuc;6;35245|35216|35081|35275|35040|35023
35228;Pleurtuit;12;35241|35181|22103|22213|22190|22368|22190|22209|22209|35256|35287|35093
35229;Pocé-les-Bois;6;35194|35360|35109|35252|35283|35052
35230;Poilley;6;35271|35357|35071|35191|35191|35111
35231;Poligné;4;35090|35212|35221|35033
35232;Princé;7;53123|53086|35185|35072|35163|35163|35163
35233;Québriac;5;35085|35094|35337|35265|35056
35234;Quédillac;8;22036|35171|35184|35184|35091|35297|22240|22305
35235;Rannée;14;35008|35325|53098|53041|53197|53192|35077|35114|35239|35102|35199|35005|35359|35125
35236;Redon;6;35013|35294|44185|56194|56223|56232
35237;Renac;7;35145|35064|44007|35294|35013|35328|35285
35238;Rennes;10;35024|35051|35055|35206|35281|35240|35353|35210|35189|35278
35239;Retiers;10;35359|35005|35199|35102|35235|35114|35167|35082|35333|35165
35240;Le Rheu;7;35210|35353|35238|35281|35076|35196|35131
35241;La Richardais;2;35228|35093
35242;Rimou;6;35004|35004|35244|35326|35309|35019
35243;Romagné;6;35150|35137|35025|35063|35310|35273
35244;Romazy;6;35004|35004|35075|35355|35326|35242
35245;Romillé;8;35058|35144|35120|35216|35227|35023|35135|35180
35246;Roz-Landrieux;6;35186|35095|35009|35224|35153|35116
35247;Roz-sur-Couesnon;5;50042|35270|35248|35291|35259
35248;Sains;6;35247|35270|35222|35034|35259|35291
35249;Sainte-Anne-sur-Vilaine;6;35176|35202|35124|44123|35145|35176
35250;Saint-Armel;4;35204|35088|35032|35352
35251;Saint-Aubin-d'Aubigné;8;35003|35118|35107|35067|35197|35079|35274|35296
35252;Saint-Aubin-des-Landes;5;35229|35109|35338|35087|35283
35253;Saint-Aubin-du-Cormier;9;35282|35282|35282|35154|35152|35121|35107|35118|35178
35069;Saint-Aubin-du-Pavail;6;35069|35096|35220|35220|35002|35069
35255;Saint-Benoît-des-Ondes;4;35132|35116|35122|35299
35256;Saint-Briac-sur-Mer;5;35287|35228|22209|22209|22094
35257;Maen-Roch;12;35191|35191|35191|35273|35310|35280|35292|35292|35292|35004|35004|35191
35257;Saint-Brice-en-Coglès;9;35191|35191|35191|35257|35292|35292|35292|35004|35004
35258;Saint-Brieuc-des-Iffs;4;35337|35317|35058|35134
35259;Saint-Broladre;6;35247|35291|35248|35034|35010|35078
35260;Saint-Christophe-des-Bois;6;35192|35072|35015|35330|35347|35170
35261;Saint-Christophe-de-Valains;4;35336|35304|35355|35075
35262;Sainte-Colombe;4;35333|35082|35089|35136
35263;Saint-Coulomb;3;35049|35299|35288
35264;Saint-Didier;5;35283|35087|35161|35096|35068
35265;Saint-Domineuc;6;35056|35233|35337|35346|35345|35226
35266;Saint-Erblon;5;35352|35032|35208|35363|35206
35257;Saint-Étienne-en-Coglès;9;35191|35273|35310|35280|35292|35292|35257|35191|35191
35268;Saint-Ganton;5;35176|35176|35145|35285|35219
35282;Saint-Georges-de-Chesné;7;35282|35025|35086|35170|35154|35253|35282
35270;Saint-Georges-de-Gréhaigne;6;50042|50410|50410|35222|35248|35247
35271;Saint-Georges-de-Reintembault;11;50229|50515|50484|35190|35174|35357|35230|35111|50347|50448|50500
35272;Saint-Germain-du-Pinel;4;35006|35119|35200|35097
35273;Saint-Germain-en-Coglès;9;35071|35215|35150|35243|35310|35257|35257|35191|35191
35274;Saint-Germain-sur-Ille;4;35251|35079|35173|35296
35275;Saint-Gilles;8;35216|35120|35210|35131|35065|35040|35227|35081
35276;Saint-Gondran;3;35317|35146|35058
35277;Saint-Gonlay;4;35133|35290|35026|35295
35278;Saint-Grégoire;5;35024|35238|35189|35059|35173
35279;Saint-Guinoux;6;35122|35116|35153|35224|35179|35306
35280;Saint-Hilaire-des-Landes;9;35257|35257|35310|35282|35282|35304|35336|35292|35292
35281;Saint-Jacques-de-la-Lande;6;35238|35206|35066|35047|35076|35240
35282;Rives-du-Couesnon;10;35310|35063|35025|35086|35170|35154|35253|35178|35304|35280
35282;Saint-Jean-sur-Couesnon;6;35282|35063|35282|35282|35253|35178
35283;Saint-Jean-sur-Vilaine;7;35052|35229|35252|35087|35264|35068|35166
35284;Saint-Jouan-des-Guérets;3;35299|35306|35288
35285;Saint-Just;6;35219|35268|35145|35237|35328|35045
35286;Saint-Léger-des-Prés;6;35092|35205|35164|35094|35148|35085
35287;Saint-Lunaire;3;35093|35228|35256
35288;Saint-Malo;3;35263|35299|35284
35289;Saint-Malo-de-Phily;6;35312|35221|35176|35176|35176|35127
35290;Saint-Malon-sur-Mel;5;35277|35133|35211|35201|35026
35291;Saint-Marcan;3;35247|35248|35259
35292;Saint-Marc-le-Blanc;7;35257|35257|35292|35336|35075|35004|35004
35292;Saint-Marc-le-Blanc;8;35257|35257|35257|35280|35336|35075|35004|35004
35282;Saint-Marc-sur-Couesnon;6;35310|35063|35282|35178|35304|35280
35294;Sainte-Marie;5;35237|44007|44185|35236|35013
35295;Saint-Maugan;6;35027|35133|35277|35026|35201|35302
35296;Saint-Médard-sur-Ille;9;35195|35007|35003|35251|35274|35173|35193|35356|35128
35297;Saint-Méen-le-Grand;6;35234|35091|35302|35117|22133|22240
35299;Saint-Méloir-des-Ondes;7;35049|35255|35122|35306|35284|35288|35263
35300;Saint-M'Hervé;7;53086|53040|35061|35105|35360|35015|35185
35184;Saint-M'Hervon;2;35171|35184
35302;Saint-Onen-la-Chapelle;9;35091|35184|35184|35027|35133|35295|35201|35117|35297
35004;Saint-Ouen-la-Rouërie;7;50337|50487|35191|35191|35004|35004|50443
35304;Saint-Ouen-des-Alleux;7;35336|35280|35282|35282|35178|35355|35261
35305;Saint-Péran;5;35133|35187|35340|35223|35211
35306;Saint-Père-Marc-en-Poulet;8;35299|35122|35279|35179|35070|35358|35314|35284
35307;Saint-Pern;6;35156|35180|35135|35143|35171|22208
35308;Mesnil-Roc'h;8;35362|35029|35172|35226|35225|22299|22197|35179
35308;Saint-Pierre-de-Plesguen;10;35308|35362|35029|35308|35172|35226|35225|22299|22197|35179
35309;Saint-Rémy-du-Plain;4;35019|35242|35326|35164
35310;Saint-Sauveur-des-Landes;8;35273|35243|35063|35282|35282|35280|35257|35257
35311;Saint-Séglin;6;35168|35168|35219|35045|56033|56033
35312;Saint-Senoux;5;35033|35221|35289|35127|35126
35314;Saint-Suliac;2;35306|35358
35315;Saint-Sulpice-la-Forêt;4;35067|35152|35024|35197
35316;Saint-Sulpice-des-Landes;5;35106|44148|44197|35098|35012
35317;Saint-Symphorien;7;35130|35356|35146|35276|35058|35258|35337
35318;Saint-Thual;6;35345|35346|35017|35156|22208|22306
35319;Saint-Thurial;6;35351|35037|35016|35169|35340|35187
35320;Saint-Uniac;4;35133|35027|35184|35184
35321;Saulnières;6;35041|35136|35343|35322|35218|35054
35322;Le Sel-de-Bretagne;5;35321|35343|35030|35212|35218
35191;La Selle-en-Coglès;5;35191|35257|35257|35257|35191
35324;La Selle-en-Luitré;7;35112|35062|35163|35163|35137|35115|35021
35325;La Selle-Guerchaise;4;53088|53098|35235|35008
35326;Sens-de-Bretagne;8;35242|35244|35355|35118|35003|35110|35164|35309
35327;Servon-sur-Vilaine;6;35031|35068|35096|35207|35039|35001
35328;Sixt-sur-Aff;11;35045|35285|35237|35013|56044|56061|56061|56061|56033|56033|56033
35329;Sougeal;9;50410|50410|50019|50443|35004|35004|35004|35354|35222
35330;Taillis;5;35260|35015|35194|35141|35347
35331;Talensac;7;35040|35080|35196|35351|35187|35133|35188
35332;Teillay;5;35335|44200|44146|44148|35106
35333;Le Theil-de-Bretagne;6;35165|35239|35082|35262|35136|35108
35334;Thorigné-Fouillard;4;35152|35001|35051|35024
35335;Thourie;8;35082|35167|44058|44200|35332|35106|35140|35089
35336;Le Tiercent;7;35292|35292|35292|35280|35304|35261|35075
35337;Tinténiac;9;35233|35094|35130|35317|35258|35134|35017|35346|35265
35338;Torcé;6;35109|35350|35014|35161|35087|35252
35339;Trans-la-Forêt;6;35222|35354|35019|35092|35044|35034
35340;Treffendel;5;35187|35319|35169|35223|35305
35004;Tremblay;13;35004|35191|35191|35257|35257|35292|35292|35075|35244|35242|35019|35004|35004
35342;Trémeheuc;5;35092|35085|35159|35029|35104
35343;Tresbœuf;7;35136|35089|35140|35106|35030|35322|35321
35308;Tressé;3;35362|35308|35179
35345;Trévérien;7;35226|35265|35346|35318|22306|22056|35225
35346;Trimer;5;35265|35337|35017|35318|35345
35347;Val-d'Izé;9;35170|35260|35330|35141|35052|35166|35031|35101|35154
35282;Vendel;4;35025|35282|35282|35063
35350;Vergéal;4;35109|35097|35014|35338
35351;Le Verger;5;35331|35196|35037|35319|35187
35352;Vern-sur-Seiche;7;35055|35099|35204|35250|35032|35266|35206
35353;Vezin-le-Coquet;3;35238|35240|35210
35354;Vieux-Viel;6;35329|35004|35004|35019|35339|35222
35355;Vieux-Vy-sur-Couesnon;7;35244|35075|35261|35304|35178|35118|35326
35356;Vignoc;8;35128|35296|35193|35177|35120|35146|35317|35130
35357;Villamée;6;35174|35162|35215|35071|35230|35271
35358;La Ville-ès-Nonais;5;35306|35070|35179|22197|35314
35359;Visseiche;7;35097|35125|35235|35005|35239|35165|35014
35360;Vitré;6;35015|35300|35105|35109|35229|35194
35361;Le Vivier-sur-Mer;2;35186|35132
35362;Le Tronchet;7;35009|35029|35308|35308|35308|35179|35224
35363;Pont-Péan;6;35206|35266|35208|35139|35047|35066
56001;Allaire;7;56232|56223|56194|56212|56011|56216|56221
56002;Ambon;6;56149|56143|56018|56052|56248|56109
56003;Arradon;3;56260|56008|56164
56004;Arzal;4;56126|56058|56030|56143
56005;Arzon;1;56214
56006;Augan;8;56180|56136|56191|56035|56165|56165|56165|56032
56007;Auray;3;56176|56046|56023
56008;Baden;5;56167|56164|56003|56106|56262
56009;Bangor;3;56152|56114|56241
56010;Baud;7;56074|56039|56031|56177|56101|56188|56207
56011;Béganne;6;56216|56001|56212|56147|56153|56028
56012;Beignon;6;35211|35223|56226|56075|56180|56032
56013;Belz;5;56119|56054|56055|56169|56220
56014;Berné;7;56210|56264|56089|56166|29071|56131|56182
56015;Berric;4;56184|56149|56109|56247
56173;Bieuzy;4;56246|56173|56128|56076
56017;Bignan;8;56204|56027|56071|56222|56042|56141|56117|56140
56018;Billiers;2;56143|56002
56019;Billio;4;56051|56172|56222|56071
56020;Bohal;5;56228|56159|56135|56219|56244
56021;Brandérion;3;56101|56148|56094
56022;Brandivy;5;56141|56067|56175|56177|56039
56023;Brech;8;56177|56175|56176|56007|56046|56161|56119|56096
56024;Bréhan;10;22039|22241|22288|22027|56102|56102|56160|56047|56198|22275
56025;Brignac;4;22083|56208|56056|56129
56026;Bubry;7;56076|56128|56188|56104|56089|56156|56113
56027;Buléon;6;56103|56070|56071|56017|56204|56189
56028;Caden;6;56221|56216|56011|56153|56111|56123
56029;Calan;4;56104|56090|56040|56166
56030;Camoël;5;56058|44072|44006|56155|56004
56031;Camors;3;56039|56177|56010
56032;Campénéac;9;35211|56012|56180|56006|56165|56165|56065|56122|56256
56033;Carentoir;11;56075|35084|56033|35328|56061|56061|56061|56230|56253|56191|56136
56033;Carentoir;14;56075|35084|35168|35168|35311|35045|35328|56061|56061|56061|56230|56253|56191|56136
56034;Carnac;5;56046|56258|56168|56054|56161
56035;Caro;10;56006|56191|56200|56133|56228|56202|56197|56197|56165|56165
56036;Caudan;7;56090|56083|56098|56121|56185|56179|56040
56197;La Chapelle-Caro;8;56165|56165|56165|56035|56202|56244|56197|56139
56061;La Chapelle-Gaceline;4;35328|56061|56033|56033
56039;La Chapelle-Neuve;7;56174|56141|56022|56177|56031|56010|56074
56040;Cléguer;6;56166|56029|56090|56036|56179|29002
56041;Cléguérec;7;56203|56146|56178|56125|56242|56245|56209
56042;Colpo;6;56017|56222|56120|56115|56067|56141
56043;Concoret;4;35201|35211|56127|35117
56044;Cournon;5;35328|35013|56061|56061|56061
56045;Le Cours;5;56219|56135|56108|56053|56254
56046;Crac'h;6;56007|56116|56233|56034|56161|56023
56047;Crédin;8;56198|56024|56160|56190|56144|56144|56092|56072
56048;Le Croisty;4;56238|56163|56210|56182
56213;Croixanvec;4;22075|56215|56213|56093
56050;La Croix-Helléan;6;56068|56082|56079|56091|56102|56102
56051;Cruguel;6;56070|56236|56112|56172|56019|56071
56052;Damgan;1;56002
56053;Elven;9;56254|56045|56108|56261|56247|56255|56231|56137|56157
56054;Erdeven;7;56119|56161|56034|56168|56055|56169|56013
56055;Étel;3;56013|56054|56169
56056;Évriguet;4;56025|56208|56080|56129
56057;Le Faouët;6;56100|56182|56131|56105|56081|56201
56058;Férel;6;56195|44072|44006|56030|56004|56126
56102;Les Forges;9;56257|56134|56227|56068|56102|56160|56024|22027|22241
56060;Les Fougerêts;6;56061|56061|56061|56154|56229|56230
56061;La Gacilly;8;56033|56033|56061|35328|56044|56061|56060|56230
56061;La Gacilly;9;56033|35328|56044|35013|56239|56154|56060|56230|56033
56062;Gâvres;1;56169
56063;Gestel;3;56179|56185|56078
56061;Glénac;6;56044|35013|56239|56154|56060|56061
56065;Gourhel;3;56032|56165|56165
56066;Gourin;7;22373|56100|56201|56081|56199|29278|29250
56067;Grand-Champ;7;56042|56115|56132|56158|56175|56022|56141
56068;La Grée-Saint-Laurent;6;56227|56082|56050|56102|56102|56102
56070;Guégon;10;56102|56102|56091|56079|56236|56051|56071|56027|56103|56160
56071;Guéhenno;6;56070|56051|56019|56222|56017|56027
56072;Gueltas;8;22314|56198|56047|56092|56151|56213|56213|56215
56073;Guémené-sur-Scorff;2;56113|56163
56074;Guénin;8;56144|56144|56174|56039|56010|56207|56173|56173
56075;Guer;12;35223|35160|35168|35168|35046|35084|56033|56033|56136|56180|56012|56226
56076;Guern;8;56125|56246|56173|56173|56128|56026|56113|56242
56077;Le Guerno;4;56111|56153|56126|56149
56078;Guidel;7;29234|56179|56063|56185|56162|29031|29233
56079;Guillac;11;56249|56165|56165|56197|56197|56197|56236|56070|56091|56050|56082
56080;Guilliers;8;56056|56208|56127|56145|56122|56227|56134|56129
56081;Guiscriff;8;56066|56201|56057|56105|29230|29269|29274|56199
56082;Helléan;5;56227|56249|56079|56050|56068
56083;Hennebont;5;56090|56101|56094|56098|56036
56084;Le Hézo;4;56251|56251|56248|56205
56089;Inguiniel;7;56156|56026|56104|56166|56014|56264|56110
56090;Inzinzac-Lochrist;6;56104|56101|56083|56036|56040|56029
56091;Josselin;5;56050|56079|56070|56102|56102
56092;Kerfourn;5;56072|56047|56144|56144|56151
56093;Kergrist;8;22285|22075|56213|56213|56213|56146|22158|22158
56094;Kervignac;6;56101|56021|56148|56130|56118|56083
56096;Landaul;5;56177|56023|56119|56148|56097
56097;Landévant;4;56177|56096|56148|56101
56098;Lanester;3;56083|56121|56036
56099;Langoëlan;6;22124|56245|56242|56113|56163|22146
56100;Langonnet;9;22163|22061|56170|56182|56057|56201|56066|22373|22202
56101;Languidic;10;56188|56010|56177|56097|56148|56021|56094|56083|56090|56104
56102;Forges-de-Lanouée;11;56257|56134|56227|56068|56050|56091|56070|56160|56024|22027|22241
56102;Lanouée;6;56068|56050|56091|56070|56160|56102
56103;Lantillac;4;56070|56027|56189|56160
56104;Lanvaudan;7;56026|56188|56101|56090|56029|56166|56089
56105;Lanvénégen;4;56057|56131|29230|56081
56106;Larmor-Baden;1;56008
56107;Larmor-Plage;2;56121|56162
56108;Larré;5;56135|56184|56261|56053|56045
56109;Lauzach;8;56015|56149|56002|56248|56259|56251|56251|56247
56110;Lignol;6;56113|56156|56089|56264|56210|56163
56111;Limerzel;6;56123|56028|56153|56077|56149|56184
56112;Lizio;7;56236|56197|56197|56197|56244|56172|56051
56113;Locmalo;8;56242|56076|56026|56156|56110|56073|56163|56099
56114;Locmaria;2;56009|56152
56115;Locmaria-Grand-Champ;4;56120|56132|56067|56042
56116;Locmariaquer;2;56233|56046
56117;Locminé;4;56140|56017|56141|56174
56118;Locmiquélic;4;56094|56130|56193|56181
56119;Locoal-Mendon;8;56096|56023|56161|56054|56013|56169|56220|56148
56120;Locqueltas;7;56222|56157|56137|56206|56132|56115|56042
56121;Lorient;5;56036|56098|56107|56162|56185
56122;Loyat;8;56145|56256|56032|56165|56165|56249|56227|56080
56123;Malansac;8;56218|56154|56221|56028|56111|56184|56196|56171
56124;Malestroit;4;56133|56211|56159|56228
56125;Malguénac;5;56178|56246|56076|56242|56041
56126;Marzan;8;56153|56147|56195|56058|56004|56143|56149|56077
56127;Mauron;8;35117|56225|56043|35211|56145|56080|56208|22083
56128;Melrand;7;56173|56173|56173|56207|56188|56026|56076
56129;Ménéac;9;22147|22083|56025|56056|56080|56134|56257|22043|22062
56130;Merlevenez;6;56148|56220|56169|56193|56118|56094
56131;Meslan;6;56182|56014|29071|29230|56105|56057
56132;Meucon;5;56120|56206|56158|56067|56115
56133;Missiriac;6;56035|56200|56224|56211|56124|56228
56134;Mohon;6;56129|56080|56227|56102|56102|56257
56135;Molac;7;56159|56171|56184|56108|56045|56219|56020
56136;Monteneuf;7;56075|56033|56033|56253|56191|56006|56180
56137;Monterblanc;5;56157|56053|56231|56206|56120
56165;Monterrein;5;56006|56035|56197|56197|56165
56139;Montertelot;5;56165|56165|56197|56197|56197
56140;Moréac;9;56190|56189|56204|56017|56117|56174|56144|56144|56144
56141;Moustoir-Ac;7;56117|56017|56042|56067|56022|56039|56174
56144;Moustoir-Remungol;6;56151|56144|56144|56173|56173|56237
56143;Muzillac;5;56149|56126|56004|56018|56002
56144;Naizin;7;56092|56047|56190|56140|56144|56144|56151
56144;Évellys;10;56092|56047|56190|56140|56174|56074|56173|56173|56237|56151
56145;Néant-sur-Yvel;5;56127|35211|56256|56122|56080
56146;Neulliac;9;22158|56093|56213|56213|56151|56178|56041|56203|22158
56147;Nivillac;7;56011|56212|44098|44072|56195|56126|56153
56148;Nostang;8;56101|56097|56096|56119|56220|56130|56094|56021
56149;Noyal-Muzillac;8;56184|56111|56077|56126|56143|56002|56109|56015
56251;Noyalo;3;56251|56248|56084
56151;Noyal-Pontivy;10;56213|56213|56072|56092|56144|56144|56144|56237|56178|56146
56152;Le Palais;3;56114|56009|56241
56153;Péaule;6;56028|56011|56147|56126|56077|56111
56154;Peillac;8;56060|56061|56061|56239|56221|56123|56218|56229
56155;Pénestin;2;56030|44006
56156;Persquen;4;56113|56026|56089|56110
56157;Plaudren;6;56172|56254|56053|56137|56120|56222
56158;Plescop;8;56132|56206|56260|56164|56167|56176|56175|56067
56159;Pleucadeuc;6;56211|56171|56135|56020|56228|56124
56160;Pleugriffet;9;56024|56102|56102|56102|56070|56103|56189|56190|56047
56161;Ploemel;5;56023|56046|56034|56054|56119
56162;Plœmeur;4;56185|56121|56107|56078
56163;Ploërdut;9;56099|56113|56073|56110|56210|56048|56238|56170|22146
56164;Ploeren;5;56158|56260|56003|56008|56167
56165;Ploërmel;11;56065|56032|56006|56165|56197|56139|56197|56197|56079|56249|56122
56165;Ploërmel;11;56065|56032|56006|56035|56197|56139|56197|56197|56079|56249|56122
56166;Plouay;7;56089|56104|56029|56040|29002|29071|56014
56167;Plougoumelen;5;56158|56164|56008|56262|56176
56168;Plouharnel;3;56034|56234|56054
56169;Plouhinec;8;56220|56119|56013|56054|56055|56062|56193|56130
56170;Plouray;6;22146|56163|56238|56182|56100|22061
56171;Pluherlin;7;56211|56218|56123|56196|56184|56135|56159
56172;Plumelec;7;56051|56112|56244|56254|56157|56222|56019
56173;Pluméliau;9;56237|56144|56144|56144|56074|56207|56128|56173|56246
56173;Pluméliau-Bieuzy;9;56237|56144|56144|56144|56074|56207|56128|56076|56246
56174;Plumelin;7;56144|56140|56117|56141|56039|56074|56144
56175;Plumergat;7;56022|56067|56158|56176|56263|56023|56177
56176;Pluneret;7;56175|56158|56167|56262|56007|56023|56263
56177;Pluvigner;9;56031|56039|56022|56175|56023|56096|56097|56101|56010
56178;Pontivy;6;56151|56237|56246|56125|56041|56146
56179;Pont-Scorff;7;56040|56036|56185|56063|56078|29234|29002
56180;Porcaro;5;56012|56075|56136|56006|56032
56181;Port-Louis;2;56118|56193
56182;Priziac;8;56170|56238|56048|56210|56014|56131|56057|56100
56033;Quelneuc;7;35168|35168|35311|35045|35328|56033|35084
56184;Questembert;9;56171|56123|56111|56149|56015|56247|56261|56108|56135
56185;Quéven;6;56036|56121|56162|56078|56063|56179
56186;Quiberon;1;56234
56197;Quily;4;56197|56112|56236|56079
56188;Quistinic;6;56128|56207|56010|56101|56104|56026
56189;Radenac;6;56160|56103|56027|56204|56140|56190
56190;Réguiny;6;56047|56160|56189|56140|56144|56144
56191;Réminiac;7;56136|56033|56033|56253|56200|56035|56006
56144;Remungol;7;56144|56140|56174|56074|56173|56173|56144
56193;Riantec;4;56130|56169|56181|56118
56194;Rieux;7;56223|35236|44185|44057|56250|56212|56001
56195;La Roche-Bernard;4;56147|44072|56058|56126
56196;Rochefort-en-Terre;2;56123|56171
56197;Le Roc-Saint-André;8;56165|56165|56139|56197|56244|56112|56197|56079
56197;Val d'Oust;10;56165|56165|56139|56165|56035|56202|56244|56112|56236|56079
56198;Rohan;5;22275|56024|56047|56072|22314
56199;Roudouallec;6;29278|56066|56081|29274|29125|29249
56200;Ruffiac;7;56191|56253|56230|56229|56224|56133|56035
56201;Le Saint;4;56100|56057|56081|56066
56202;Saint-Abraham;5;56197|56035|56228|56244|56197
56203;Saint-Aignan;8;22033|22158|22158|56146|56041|56209|22107|22107
56204;Saint-Allouestre;4;56189|56027|56017|56140
56205;Saint-Armel;3;56084|56248|56240
56206;Saint-Avé;6;56137|56231|56260|56158|56132|56120
56207;Saint-Barthélemy;6;56173|56173|56074|56010|56188|56128
56208;Saint-Brieuc-de-Mauron;5;22083|56127|56080|56056|56025
56209;Sainte-Brigitte;6;22107|56203|56041|56245|22107|22107
56210;Saint-Caradec-Trégomel;6;56163|56110|56264|56014|56182|56048
56211;Saint-Congard;7;56224|56229|56218|56171|56159|56124|56133
56212;Saint-Dolay;6;56194|56250|44098|56147|56011|56001
56213;Saint-Gérand;6;56213|56215|56072|56151|56146|56093
56213;Saint-Gérand-Croixanvec;6;22075|56215|56072|56151|56146|56093
56214;Saint-Gildas-de-Rhuys;2;56240|56005
56215;Saint-Gonnery;7;22136|22314|56072|56213|56213|56213|22075
56216;Saint-Gorgon;4;56221|56001|56011|56028
56218;Saint-Gravé;5;56229|56154|56123|56171|56211
56219;Saint-Guyomard;5;56244|56020|56135|56045|56254
56220;Sainte-Hélène;5;56148|56119|56013|56169|56130
56221;Saint-Jacut-les-Pins;7;56239|56232|56001|56216|56028|56123|56154
56222;Saint-Jean-Brévelay;7;56071|56019|56172|56157|56120|56042|56017
56223;Saint-Jean-la-Poterie;4;35236|56194|56001|56232
56224;Saint-Laurent-sur-Oust;4;56200|56229|56211|56133
56225;Saint-Léry;2;35117|56127
56226;Saint-Malo-de-Beignon;3;35223|56075|56012
56227;Saint-Malo-des-Trois-Fontaines;8;56080|56122|56249|56082|56068|56102|56102|56134
56228;Saint-Marcel;7;56202|56035|56133|56124|56159|56020|56244
56229;Saint-Martin-sur-Oust;7;56230|56060|56154|56218|56211|56224|56200
56230;Saint-Nicolas-du-Tertre;8;56033|56033|56061|56061|56060|56229|56200|56253
56231;Saint-Nolff;7;56053|56255|56251|56251|56260|56206|56137
56232;Saint-Perreux;6;35013|35236|56223|56001|56221|56239
56233;Saint-Philibert;2;56046|56116
56234;Saint-Pierre-Quiberon;2;56168|56186
56236;Saint-Servant;6;56079|56197|56197|56112|56051|56070
56237;Saint-Thuriau;7;56151|56144|56144|56173|56173|56246|56178
56238;Saint-Tugdual;4;56163|56048|56182|56170
56239;Saint-Vincent-sur-Oust;6;56061|56061|35013|56232|56221|56154
56240;Sarzeau;4;56205|56248|56252|56214
56241;Sauzon;2;56152|56009
56242;Séglien;6;56041|56125|56076|56113|56099|56245
56243;Séné;3;56251|56251|56260
56244;Sérent;10;56197|56197|56197|56202|56228|56020|56219|56254|56172|56112
56245;Silfiac;7;22107|22107|56209|56041|56242|56099|22124
56246;Le Sourn;7;56178|56237|56173|56173|56173|56076|56125
56247;Sulniac;8;56261|56184|56015|56109|56251|56251|56255|56053
56248;Surzur;10;56259|56109|56002|56252|56240|56205|56084|56251|56251|56251
56249;Taupont;6;56122|56165|56165|56079|56082|56227
56250;Théhillac;5;44057|44196|44098|56212|56194
56251;Theix;9;56255|56247|56109|56259|56248|56251|56243|56260|56231
56251;Theix-Noyalo;9;56255|56247|56109|56259|56248|56084|56243|56260|56231
56252;Le Tour-du-Parc;2;56248|56240
56253;Tréal;6;56136|56033|56033|56230|56200|56191
56254;Trédion;6;56244|56219|56045|56053|56157|56172
56255;Treffléan;5;56053|56247|56251|56251|56231
56256;Tréhorenteuc;4;35211|56032|56122|56145
56257;La Trinité-Porhoët;6;56129|56134|56102|56102|22241|22043
56258;La Trinité-sur-Mer;1;56034
56259;La Trinité-Surzur;4;56109|56248|56251|56251
56260;Vannes;8;56206|56231|56251|56251|56243|56003|56164|56158
56261;La Vraie-Croix;4;56108|56184|56247|56053
56262;Le Bono;3;56167|56008|56176
56263;Sainte-Anne-d'Auray;2;56175|56176
56264;Kernascléden;4;56110|56089|56014|56210